<?xml version="1.0" encoding="UTF-8"?>
<beans xmlns="http://www.springframework.org/schema/beans"
	xmlns:xsi="http://www.w3.org/2001/XMLSchema-instance" 
	xmlns:context="http://www.springframework.org/schema/context"
	xmlns:aop="http://www.springframework.org/schema/aop"
	xsi:schemaLocation="http://www.springframework.org/schema/beans
	http://www.springframework.org/schema/beans/spring-beans-4.3.xsd
	http://www.springframework.org/schema/context
	http://www.springframework.org/schema/context/spring-context-4.3.xsd">

<bean id="studentbean" class="springcore1.Student">
  <property name="sname" value="sunil kumar sharma"></property>
  <property name="rollno" value="12345"></property>
</bean>



<bean id="stdbeancons" class="springcore1.Student">
  <constructor-arg value="Sanjay kumar" ></constructor-arg>
  <constructor-arg value="1234" type="int"></constructor-arg>
</bean>

<bean id="add1" class="springcore1.Address">
  <constructor-arg value="y n road"></constructor-arg>
  <constructor-arg value="Indore"></constructor-arg>
  <constructor-arg value="98765" type="int"></constructor-arg>
</bean>

<bean id="empbean" class="springcore1.Employee">
	<constructor-arg value="101" type="int"></constructor-arg>
	<constructor-arg value="Tushar sharma" ></constructor-arg>
	<constructor-arg>
	  <ref bean="add1" />
	</constructor-arg>
</bean>

<bean id="p" class="springcore1.Person">
  <constructor-arg value="Sajan kumar"></constructor-arg>
  <constructor-arg>
  <list>
  	<value>Chess</value>
  	<value>Music</value>
  	<value>Travel</value>
  	<value>Food</value>
  	
  </list>
  </constructor-arg>
</bean>
<bean id="objm" class="autowire.Marks"></bean>

<bean id="sm" class="autowire.Student" autowire="byType"></bean>

<bean id="et" class="autowire.EngineType">
  <constructor-arg value="flex engine"></constructor-arg>
</bean>
<bean id="carobj" class="autowire.Car" autowire="constructor"></bean>


</beans>
